Code,Name,ZipCode
4100103,ABATIA,86460
4100202,ADRIANOPOLIS,83490
4100301,AGUDOS DO SUL,83850
4100400,ALMIRANTE TAMANDARE,83500
4100459,ALTAMIRA DO PARANA,85280
4100509,ALTONIA,87550
4100608,ALTO PARANA,87750
4100707,ALTO PIQUIRI,87580
4100806,ALVORADA DO SUL,86150
4100905,AMAPORA,87850
4101002,AMPERE,85640
4101051,ANANY,85425
4101101,ANDIRA,86380
4101150,ANGULO,86755
4101200,ANTONINA,83370
4101309,ANTONIO OLINTO,83980
4101408,APUCARANA,86800
4101507,ARAPONGAS,86700
4101606,ARAPOTI,84990
4101655,ARAPUA,86884
4101705,ARARUNA,87260
4101804,ARAUCARIA,83700
4101853,ARIRANHA DO IVAI,86880
4101903,ASSAI,86220
4102000,ASSIS CHATEAUBRIAND,85935
4102109,ASTORGA,86730
4102208,ATALAIA,87630
4102307,BALSA NOVA,83650
4102406,BANDEIRANTES,86360
4102505,BARBOSA FERRAZ,86960
4102604,BARRACAO,85700
4102703,BARRA DO JACARE,86385
4102752,BELA VISTA DO CAROBA,85745
4102802,BELA VISTA DO PARAISO,86130
4102901,BITURUNA,84640
4103008,BOA ESPERANCA,87390
4103024,BOA ESPERANCA DO IGUACU,85680
4103040,BOA VENTURA DE SAO ROQUE,85225
4103057,BOA VISTA DA APARECIDA,85780
4103107,BOCAIUVA DO SUL,83450
4103156,BOM JESUS DO SUL,85708
4103206,BOM SUCESSO,86940
4103222,BOM SUCESSO DO SUL,85515
4103305,BORRAZOPOLIS,86925
4103354,BRAGANEY,85430
4103370,BRASILANDIA DO SUL,87595
4103404,CAFEARA,86640
4103453,CAFELANDIA,85415
4103479,CAFEZAL DO SUL,87565
4103503,CALIFORNIA,86820
4103602,CAMBARA,86390
4103701,CAMBE,86180
4103800,CAMBIRA,86890
4103909,CAMPINA DA LAGOA,87345
4103958,CAMPINA DO SIMAO,85148
4104006,CAMPINA GRANDE DO SUL,83430
4104055,CAMPO BONITO,85450
4104105,CAMPO DO TENENTE,83870
4104204,CAMPO LARGO,83600
4104253,CAMPO MAGRO,83535
4104303,CAMPO MOURAO,87300
4104402,CANDIDO DE ABREU,84470
4104428,CANDOI,85140
4104451,CANTAGALO,85160
4104501,CAPANEMA,85760
4104600,CAPITAO LEONIDAS MARQUES,85790
4104659,CARAMBEI,84145
4104709,CARLOPOLIS,86420
4104808,CASCAVEL,85800
4104907,CASTRO,84160
4105003,CATANDUVAS,85470
4105102,CENTENARIO DO SUL,86630
4105201,CERRO AZUL,83570
4105300,CEU AZUL,85840
4105409,CHOPINZINHO,85560
4105508,CIANORTE,87200
4105607,CIDADE GAUCHA,87820
4105706,CLEVELANDIA,85530
4105805,COLOMBO,83400
4105904,COLORADO,86690
4106001,CONGONHINHAS,86320
4106100,CONSELHEIRO MAIRINCK,86480
4106209,CONTENDA,83730
4106308,CORBELIA,85420
4106407,CORNELIO PROCOPIO,86300
4106456,CORONEL DOMINGOS SOARES,85557
4106506,CORONEL VIVIDA,85550
4106555,CORUMBATAI DO SUL,86970
4106571,CRUZEIRO DO IGUACU,85598
4106605,CRUZEIRO DO OESTE,87400
4106704,CRUZEIRO DO SUL,87650
4106803,CRUZ MACHADO,84620
4106852,CRUZMALTINA,86855
4106902,CURITIBA,80000
4107009,CURIUVA,84280
4107108,DIAMANTE DO NORTE,87990
4107124,DIAMANTE DO SUL,85408
4107157,DIAMANTE D OESTE,85896
4107207,DOIS VIZINHOS,85660
4107256,DOURADINA,87485
4107306,DOUTOR CAMARGO,87155
4107405,ENEAS MARQUES,85630
4107504,ENGENHEIRO BELTRAO,87270
4107520,ESPERANCA NOVA,87545
4107538,ENTRE RIOS DO OESTE,85988
4107546,ESPIGAO ALTO DO IGUACU,85465
4107553,FAROL,87325
4107603,FAXINAL,86840
4107652,FAZENDA RIO GRANDE,83820
4107702,FENIX,86950
4107736,FERNANDES PINHEIRO,84535
4107751,FIGUEIRA,84285
4107801,FLORAI,87185
4107850,FLOR DA SERRA DO SUL,85618
4107900,FLORESTA,87120
4108007,FLORESTOPOLIS,86165
4108106,FLORIDA,86780
4108205,FORMOSA DO OESTE,85830
4108304,FOZ DO IGUACU,85850
4108320,FRANCISCO ALVES,87570
4108403,FRANCISCO BELTRAO,85600
4108452,FOZ DO JORDAO,85145
4108502,GENERAL CARNEIRO,84660
4108551,GODOY MOREIRA,86938
4108601,GOIOERE,87360
4108650,GOIOXIM,85162
4108700,GRANDES RIOS,86845
4108809,GUAIRA,85980
4108908,GUAIRACA,87880
4108957,GUAMIRANGA,84435
4109005,GUAPIRAMA,86465
4109104,GUAPOREMA,87810
4109203,GUARACI,86620
4109302,GUARANIACU,85400
4109401,GUARAPUAVA,85000
4109500,GUARAQUECABA,83390
4109609,GUARATUBA,83280
4109658,HONORIO SERPA,85548
4109708,IBAITI,84900
4109757,IBEMA,85478
4109807,IBIPORA,86200
4109906,ICARAIMA,87530
4110003,IGUARACU,86750
4110052,IGUATU,85423
4110078,IMBAU,84250
4110102,IMBITUVA,84430
4110201,INACIO MARTINS,85155
4110300,INAJA,87670
4110409,INDIANOPOLIS,87210
4110508,IPIRANGA,84450
4110607,IPORA,87560
4110656,IRACEMA DO OESTE,85833
4110706,IRATI,84500
4110805,IRETAMA,87280
4110904,ITAGUAJE,86670
4110953,ITAIPULANDIA,85880
4111001,ITAMBARACA,86375
4111100,ITAMBE,87175
4111209,ITAPEJARA D OESTE,85580
4111258,ITAPERUCU,83560
4111308,ITAUNA DO SUL,87980
4111407,IVAI,84460
4111506,IVAIPORA,86870
4111555,IVATE,87525
4111605,IVATUBA,87130
4111704,JABOTI,84930
4111803,JACAREZINHO,86400
4111902,JAGUAPITA,86610
4112009,JAGUARIAIVA,84200
4112108,JANDAIA DO SUL,86900
4112207,JANIOPOLIS,87380
4112306,JAPIRA,84920
4112405,JAPURA,87225
4112504,JARDIM ALEGRE,86860
4112603,JARDIM OLINDA,87690
4112702,JATAIZINHO,86210
4112751,JESUITAS,85835
4112801,JOAQUIM TAVORA,86455
4112900,JUNDIAI DO SUL,86470
4112959,JURANDA,87355
4113007,JUSSARA,87230
4113106,KALORE,86920
4113205,LAPA,83750
4113254,LARANJAL,85275
4113304,LARANJEIRAS DO SUL,85300
4113403,LEOPOLIS,86330
4113429,LIDIANOPOLIS,86865
4113452,LINDOESTE,85826
4113502,LOANDA,87900
4113601,LOBATO,86790
4113700,LONDRINA,86000
4113734,LUIZIANA,87290
4113759,LUNARDELLI,86935
4113809,LUPIONOPOLIS,86635
4113908,MALLET,84570
4114005,MAMBORE,87340
4114104,MANDAGUACU,87160
4114203,MANDAGUARI,86975
4114302,MANDIRITUBA,83800
4114351,MANFRINOPOLIS,85628
4114401,MANGUEIRINHA,85540
4114500,MANOEL RIBAS,85260
4114609,MARECHAL CANDIDO RONDON,85960
4114708,MARIA HELENA,87480
4114807,MARIALVA,86990
4114906,MARILANDIA DO SUL,86825
4115002,MARILENA,87960
4115101,MARILUZ,87470
4115200,MARINGA,87000
4115309,MARIOPOLIS,85525
4115358,MARIPA,85955
4115408,MARMELEIRO,85615
4115457,MARQUINHO,85168
4115507,MARUMBI,86910
4115606,MATELANDIA,85887
4115705,MATINHOS,83260
4115739,MATO RICO,85240
4115754,MAUA DA SERRA,86828
4115804,MEDIANEIRA,85884
4115853,MERCEDES,85998
4115903,MIRADOR,87840
4116000,MIRASELVA,86615
4116059,MISSAL,85890
4116109,MOREIRA SALES,87370
4116208,MORRETES,83350
4116307,MUNHOZ DE MELO,86760
4116406,NOSSA SENHORA DAS GRACAS,86680
4116505,NOVA ALIANCA DO IVAI,87790
4116604,NOVA AMERICA DA COLINA,86230
4116703,NOVA AURORA,85410
4116802,NOVA CANTU,87330
4116901,NOVA ESPERANCA,87600
4116950,NOVA ESPERANCA DO SUDOESTE,85635
4117008,NOVA FATIMA,86310
4117057,NOVA LARANJEIRAS,85350
4117107,NOVA LONDRINA,87970
4117206,NOVA OLIMPIA,87490
4117214,NOVA SANTA BARBARA,86250
4117222,NOVA SANTA ROSA,85930
4117255,NOVA PRATA DO IGUACU,85685
4117271,NOVA TEBAS,85250
4117297,NOVO ITACOLOMI,86895
4117305,ORTIGUEIRA,84350
4117404,OURIZONA,87170
4117453,OURO VERDE DO OESTE,85933
4117503,PAICANDU,87140
4117602,PALMAS,85555
4117701,PALMEIRA,84130
4117800,PALMITAL,85270
4117909,PALOTINA,85950
4118006,PARAISO DO NORTE,87780
4118105,PARANACITY,87660
4118204,PARANAGUA,83200
4118303,PARANAPOEMA,87680
4118402,PARANAVAI,87700
4118451,PATO BRAGADO,85948
4118501,PATO BRANCO,85500
4118600,PAULA FREITAS,84630
4118709,PAULO FRONTIN,84635
4118808,PEABIRU,87250
4118857,PEROBAL,87538
4118907,PEROLA,87540
4119004,PEROLA D OESTE,85740
4119103,PIEN,83860
4119152,PINHAIS,83320
4119202,PINHALAO,84925
4119251,PINHAL DE SAO BENTO,85727
4119301,PINHAO,85170
4119400,PIRAI DO SUL,84240
4119509,PIRAQUARA,83300
4119608,PITANGA,85200
4119657,PITANGUEIRAS,86613
4119707,PLANALTINA DO PARANA,87860
4119806,PLANALTO,85750
4119905,PONTA GROSSA,84000
4119954,PONTAL DO PARANA,83255
4120002,PORECATU,86160
4120101,PORTO AMAZONAS,84140
4120150,PORTO BARREIRO,85345
4120200,PORTO RICO,87950
4120309,PORTO VITORIA,84610
4120333,PRADO FERREIRA,86618
4120358,PRANCHITA,85730
4120408,PRESIDENTE CASTELO BRANCO,87180
4120507,PRIMEIRO DE MAIO,86140
4120606,PRUDENTOPOLIS,84400
4120655,QUARTO CENTENARIO,87365
4120705,QUATIGUA,86450
4120804,QUATRO BARRAS,83420
4120853,QUATRO PONTES,85940
4120903,QUEDAS DO IGUACU,85460
4121000,QUERENCIA DO NORTE,87930
4121109,QUINTA DO SOL,87265
4121208,QUITANDINHA,83840
4121257,RAMILANDIA,85888
4121307,RANCHO ALEGRE,86290
4121356,RANCHO ALEGRE D OESTE,87395
4121406,REALEZA,85770
4121505,REBOUCAS,84550
4121604,RENASCENCA,85610
4121703,RESERVA,84320
4121752,RESERVA DO IGUACU,85195
4121802,RIBEIRAO CLARO,86410
4121901,RIBEIRAO DO PINHAL,86490
4122008,RIO AZUL,84560
4122107,RIO BOM,86830
4122156,RIO BONITO DO IGUACU,85340
4122172,RIO BRANCO DO IVAI,86848
4122206,RIO BRANCO DO SUL,83540
4122305,RIO NEGRO,83880
4122404,ROLANDIA,86600
4122503,RONCADOR,87320
4122602,RONDON,87800
4122651,ROSARIO DO IVAI,86850
4122701,SABAUDIA,86720
4122800,SALGADO FILHO,85620
4122909,SALTO DO ITARARE,84945
4123006,SALTO DO LONTRA,85670
4123105,SANTA AMELIA,86370
4123204,SANTA CECILIA DO PAVAO,86225
4123303,SANTA CRUZ DE MONTE CASTELO,87920
4123402,SANTA FE,86770
4123501,SANTA HELENA,85892
4123600,SANTA INES,86660
4123709,SANTA ISABEL DO IVAI,87910
4123808,SANTA IZABEL DO OESTE,85650
4123824,SANTA LUCIA,85795
4123857,SANTA MARIA DO OESTE,85230
4123907,SANTA MARIANA,86350
4123956,SANTA MONICA,87915
4124004,SANTANA DO ITARARE,84970
4124020,SANTA TEREZA DO OESTE,85825
4124053,SANTA TEREZINHA DE ITAIPU,85875
4124103,SANTO ANTONIO DA PLATINA,86430
4124202,SANTO ANTONIO DO CAIUA,87730
4124301,SANTO ANTONIO DO PARAISO,86315
4124400,SANTO ANTONIO DO SUDOESTE,85710
4124509,SANTO INACIO,86650
4124608,SAO CARLOS DO IVAI,87770
4124707,SAO JERONIMO DA SERRA,86270
4124806,SAO JOAO,85570
4124905,SAO JOAO DO CAIUA,87740
4125001,SAO JOAO DO IVAI,86930
4125100,SAO JOAO DO TRIUNFO,84150
4125209,SAO JORGE D OESTE,85575
4125308,SAO JORGE DO IVAI,87190
4125357,SAO JORGE DO PATROCINIO,87555
4125407,SAO JOSE DA BOA VISTA,84980
4125456,SAO JOSE DAS PALMEIRAS,85898
4125506,SAO JOSE DOS PINHAIS,83000
4125555,SAO MANOEL,87215
4125605,SAO MATEUS DO SUL,83900
4125704,SAO MIGUEL DO IGUACU,85877
4125753,SAO PEDRO DO IGUACU,85929
4125803,SAO PEDRO DO IVAI,86945
4125902,SAO PEDRO DO PARANA,87955
4126009,SAO SEBASTIAO DA AMOREIRA,86240
4126108,SAO TOME,87220
4126207,SAPOPEMA,84290
4126256,SARANDI,87110
4126272,SAUDADE DO IGUACU,85568
4126306,SENGES,84220
4126355,SERRANOPOLIS DO IGUACU,85885
4126405,SERTANEJA,86340
4126504,SERTANOPOLIS,86170
4126603,SIQUEIRA CAMPOS,84940
4126652,SULINA,85565
4126678,TAMARANA,86125
4126702,TAMBOARA,87760
4126801,TAPEJARA,87430
4126900,TAPIRA,87830
4127007,TEIXEIRA SOARES,84530
4127106,TELEMACO BORBA,84260
4127205,TERRA BOA,87240
4127304,TERRA RICA,87890
4127403,TERRA ROXA,85990
4127502,TIBAGI,84300
4127601,TIJUCAS DO SUL,83190
4127700,TOLEDO,85900
4127809,TOMAZINA,84935
4127858,TRES BARRAS DO PARANA,85485
4127882,TUNAS DO PARANA,83480
4127908,TUNEIRAS DO OESTE,87450
4127957,TUPASSI,85945
4127965,TURVO,85150
4128005,UBIRATA,85440
4128104,UMUARAMA,87500
4128203,UNIAO DA VITORIA,84600
4128302,UNIFLOR,87640
4128401,URAI,86280
4128500,WENCESLAU BRAZ,84950
4128534,VENTANIA,84345
4128559,VERA CRUZ DO OESTE,85845
4128609,VERE,85585
4128625,VILA ALTA,87528
4128633,DOUTOR ULYSSES,83590
4128658,VIRMOND,85390
4128708,VITORINO,85520
4128807,XAMBRE,87535
4200051,ABDON BATISTA,89636
4200101,ABELARDO LUZ,89830
4200200,AGROLANDIA,88420
4200309,AGRONOMICA,89188
4200408,AGUA DOCE,89654
4200507,AGUAS DE CHAPECO,89883
4200556,AGUAS FRIAS,89843
4200606,AGUAS MORNAS,88150
4200705,ALFREDO WAGNER,88450
4200754,ALTO BELA VISTA,89730
4200804,ANCHIETA,89970
4200903,ANGELINA,88460
4201000,ANITA GARIBALDI,88590
4201109,ANITAPOLIS,88475
4201208,ANTONIO CARLOS,88180
4201257,APIUNA,89135
4201273,ARABUTA,89740
4201307,ARAQUARI,89245
4201406,ARARANGUA,88900
4201505,ARMAZEM,88740
4201604,ARROIO TRINTA,89590
4201653,ARVOREDO,89778
4201703,ASCURRA,89138
4201802,ATALANTA,88410
4201901,AURORA,89186
4201950,BALNEARIO ARROIO DO SILVA,88914
4202008,BALNEARIO CAMBORIU,88330
4202057,BALNEARIO BARRA DO SUL,89247
4202073,BALNEARIO GAIVOTA,88955
4202081,BANDEIRANTE,89905
4202099,BARRA BONITA,89909
4202107,BARRA VELHA,88390
4202131,BELA VISTA DO TOLDO,89478
4202156,BELMONTE,89925
4202206,BENEDITO NOVO,89124
4202305,BIGUACU,88160
4202404,BLUMENAU,89000
4202438,BOCAINA DO SUL,88538
4202453,BOMBINHAS,88215
4202503,BOM JARDIM DA SERRA,88640
4202537,BOM JESUS,89824
4202578,BOM JESUS DO OESTE,89873
4202602,BOM RETIRO,88680
4202701,BOTUVERA,88370
4202800,BRACO DO NORTE,88750
4202859,BRACO DO TROMBUDO,89178
4202875,BRUNOPOLIS,89634
4202909,BRUSQUE,88350
4203006,CACADOR,89500
4203105,CAIBI,89888
4203154,CALMON,89430
4203204,CAMBORIU,88340
4203253,CAPAO ALTO,88548
4203303,CAMPO ALEGRE,89294
4203402,CAMPO BELO DO SUL,88580
4203501,CAMPO ERE,89980
4203600,CAMPOS NOVOS,89620
4203709,CANELINHA,88230
4203808,CANOINHAS,89460
4203907,CAPINZAL,89665
4203956,CAPIVARI DE BAIXO,88745
4204004,CATANDUVAS,89670
4204103,CAXAMBU DO SUL,89880
4204152,CELSO RAMOS,88598
4204178,CERRO NEGRO,88585
4204194,CHAPADAO DO LAGEADO,88407
4204202,CHAPECO,89800
4204251,COCAL DO SUL,88845
4204301,CONCORDIA,89700
4204350,CORDILHEIRA ALTA,89819
4204400,CORONEL FREITAS,89840
4204459,CORONEL MARTINS,89837
4204509,CORUPA,89280
4204558,CORREIA PINTO,88535
4204608,CRICIUMA,88800
4204707,CUNHA PORA,89890
4204756,CUNHATAI,89886
4204806,CURITIBANOS,89520
4204905,DESCANSO,89910
4205001,DIONISIO CERQUEIRA,89950
4205100,DONA EMMA,89155
4205159,DOUTOR PEDRINHO,89126
4205175,ENTRE RIOS,89862
4205191,ERMO,88935
4205209,ERVAL VELHO,89613
4205308,FAXINAL DOS GUEDES,89694
4205357,FLOR DO SERTAO,89878
4205407,FLORIANOPOLIS,88000
4205431,FORMOSA DO SUL,89859
4205456,FORQUILHINHA,88850
4205506,FRAIBURGO,89580
4205555,FREI ROGERIO,89530
4205605,GALVAO,89838
4205704,GAROPABA,88495
4205803,GARUVA,89248
4205902,GASPAR,89110
4206009,GOVERNADOR CELSO RAMOS,88190
4206108,GRAO PARA,88890
4206207,GRAVATAL,88735
4206306,GUABIRUBA,88360
4206405,GUARACIABA,89920
4206504,GUARAMIRIM,89270
4206603,GUARUJA DO SUL,89940
4206652,GUATAMBU,89817
4206702,HERVAL D OESTE,89610
4206751,IBIAM,89652
4206801,IBICARE,89640
4206900,IBIRAMA,89140
4207007,ICARA,88820
4207106,ILHOTA,88320
4207205,IMARUI,88770
4207304,IMBITUBA,88780
4207403,IMBUIA,88440
4207502,INDAIAL,89130
4207577,IOMERE,89558
4207601,IPIRA,89669
4207650,IPORA DO OESTE,89899
4207684,IPUACU,89832
4207700,IPUMIRIM,89790
4207759,IRACEMINHA,89891
4207809,IRANI,89680
4207858,IRATI,89856
4207908,IRINEOPOLIS,89440
4208005,ITA,89760
4208104,ITAIOPOLIS,89340
4208203,ITAJAI,88300
4208302,ITAPEMA,88220
4208401,ITAPIRANGA,89896
4208450,ITAPOA,89249
4208500,ITUPORANGA,88400
4208609,JABORA,89677
4208708,JACINTO MACHADO,88950
4208807,JAGUARUNA,88715
4208906,JARAGUA DO SUL,89250
4208955,JARDINOPOLIS,89848
4209003,JOACABA,89600
4209102,JOINVILLE,89200
4209151,JOSE BOITEUX,89145
4209177,JUPIA,89839
4209201,LACERDOPOLIS,89660
4209300,LAGES,88500
4209409,LAGUNA,88790
4209458,LAJEADO GRANDE,89828
4209508,LAURENTINO,89170
4209607,LAURO MULLER,88880
4209706,LEBON REGIS,89515
4209805,LEOBERTO LEAL,88445
4209854,LINDOIA DO SUL,89735
4209904,LONTRAS,89182
4210001,LUIZ ALVES,89115
4210035,LUZERNA,89609
4210050,MACIEIRA,89518
4210100,MAFRA,89300
4210209,MAJOR GERCINO,88260
4210308,MAJOR VIEIRA,89480
4210407,MARACAJA,88915
4210506,MARAVILHA,89874
4210555,MAREMA,89860
4210605,MASSARANDUBA,89108
4210704,MATOS COSTA,89420
4210803,MELEIRO,88920
4210852,MIRIM DOCE,89194
4210902,MODELO,89872
4211009,MONDAI,89893
4211058,MONTE CARLO,89618
4211108,MONTE CASTELO,89380
4211207,MORRO DA FUMACA,88830
4211256,MORRO GRANDE,88925
4211306,NAVEGANTES,88375
4211405,NOVA ERECHIM,89865
4211454,NOVA ITABERABA,89818
4211504,NOVA TRENTO,88270
4211603,NOVA VENEZA,88865
4211652,NOVO HORIZONTE,89998
4211702,ORLEANS,88870
4211751,OTACILIO COSTA,88540
4211801,OURO,89663
4211850,OURO VERDE,89834
4211876,PAIAL,89765
4211892,PAINEL,88543
4211900,PALHOCA,88130
4212007,PALMA SOLA,89985
4212056,PALMEIRA,88545
4212106,PALMITOS,89887
4212205,PAPANDUVA,89370
4212239,PARAISO,89906
4212254,PASSO DE TORRES,88980
4212270,PASSOS MAIA,89687
4212304,PAULO LOPES,88490
4212403,PEDRAS GRANDES,88720
4212502,PENHA,88385
4212601,PERITIBA,89750
4212700,PETROLANDIA,88430
4212809,PICARRAS,88380
4212908,PINHALZINHO,89870
4213005,PINHEIRO PRETO,89570
4213104,PIRATUBA,89667
4213153,PLANALTO ALEGRE,89882
4213203,POMERODE,89107
4213302,PONTE ALTA,88550
4213351,PONTE ALTA DO NORTE,89535
4213401,PONTE SERRADA,89683
4213500,PORTO BELO,88210
4213609,PORTO UNIAO,89400
4213708,POUSO REDONDO,89172
4213807,PRAIA GRANDE,88990
4213906,PRESIDENTE CASTELO BRANCO,89745
4214003,PRESIDENTE GETULIO,89150
4214102,PRESIDENTE NEREU,89184
4214151,PRINCESA,89935
4214201,QUILOMBO,89850
4214300,RANCHO QUEIMADO,88470
4214409,RIO DAS ANTAS,89550
4214508,RIO DO CAMPO,89198
4214607,RIO DO OESTE,89180
4214706,RIO DOS CEDROS,89121
4214805,RIO DO SUL,89160
4214904,RIO FORTUNA,88760
4215000,RIO NEGRINHO,89295
4215059,RIO RUFINO,88658
4215075,RIQUEZA,89895
4215109,RODEIO,89136
4215208,ROMELANDIA,89908
4215307,SALETE,89196
4215356,SALTINHO,89981
4215406,SALTO VELOSO,89595
4215455,SANGAO,88717
4215505,SANTA CECILIA,89540
4215554,SANTA HELENA,89915
4215604,SANTA ROSA DE LIMA,88763
4215653,SANTA ROSA DO SUL,88965
4215679,SANTA TEREZINHA,89199
4215687,SANTA TEREZINHA DO PROGRESSO,89983
4215695,SANTIAGO DO SUL,89854
4215703,SANTO AMARO DA IMPERATRIZ,88140
4215752,SAO BERNARDINO,89982
4215802,SAO BENTO DO SUL,89290
4215901,SAO BONIFACIO,88485
4216008,SAO CARLOS,89885
4216057,SAO CRISTOVAO DO SUL,89533
4216107,SAO DOMINGOS,89835
4216206,SAO FRANCISCO DO SUL,89240
4216255,SAO JOAO DO OESTE,89897
4216305,SAO JOAO BATISTA,88240
4216354,SAO JOAO DO ITAPERIU,88395
4216404,SAO JOAO DO SUL,88970
4216503,SAO JOAQUIM,88600
4216602,SAO JOSE,88100
4216701,SAO JOSE DO CEDRO,89930
4216800,SAO JOSE DO CERRITO,88570
4216909,SAO LOURENCO DO OESTE,89990
4217006,SAO LUDGERO,88730
4217105,SAO MARTINHO,88765
4217154,SAO MIGUEL DA BOA VISTA,89879
4217204,SAO MIGUEL D OESTE,89900
4217253,SAO PEDRO DE ALCANTARA,88125
4217303,SAUDADES,89868
4217402,SCHROEDER,89275
4217501,SEARA,89770
4217550,SERRA ALTA,89871
4217600,SIDEROPOLIS,88860
4217709,SOMBRIO,88960
4217758,SUL BRASIL,89855
4217808,TAIO,89190
4217907,TANGARA,89642
4217956,TIGRINHOS,89875
4218004,TIJUCAS,88200
4218103,TIMBE DO SUL,88940
4218202,TIMBO,89120
4218251,TIMBO GRANDE,89545
4218301,TRES BARRAS,89490
4218350,TREVISO,88862
4218400,TREZE DE MAIO,88710
4218509,TREZE TILIAS,89650
4218608,TROMBUDO CENTRAL,89176
4218707,TUBARAO,88700
4218756,TUNAPOLIS,89898
4218806,TURVO,88930
4218855,UNIAO DO OESTE,89845
4218905,URUBICI,88650
4218954,URUPEMA,88625
4219002,URUSSANGA,88840
4219101,VARGEAO,89690
4219150,VARGEM,89638
4219176,VARGEM BONITA,89675
4219200,VIDAL RAMOS,88443
4219309,VIDEIRA,89560
4219358,VITOR MEIRELES,89148
4219408,WITMARSUM,89157
4219507,XANXERE,89820
4219606,XAVANTINA,89780
4219705,XAXIM,89825
4219853,ZORTEA,89633
4300059,AGUA SANTA,99965
4300109,AGUDO,96540
4300208,AJURICABA,98750
4300307,ALECRIM,98950
4300406,ALEGRETE,97540
4300455,ALEGRIA,98905
4300505,ALPESTRE,98480
4300554,ALTO ALEGRE,99430
4300570,ALTO FELIZ,95773
4300604,ALVORADA,94800
4300638,AMARAL FERRADOR,96635
4300646,AMETISTA DO SUL,98465
4300661,ANDRE DA ROCHA,95310
4300703,ANTA GORDA,95980
4300802,ANTONIO PRADO,95250
4300851,ARAMBARE,96178
4300877,ARARICA,93880
4300901,ARATIBA,99770
4301008,ARROIO DO MEIO,95940
4301057,ARROIO DO SAL,95585
4301107,ARROIO DOS RATOS,96740
4301206,ARROIO DO TIGRE,96950
4301305,ARROIO GRANDE,96330
4301404,ARVOREZINHA,95995
4301503,AUGUSTO PESTANA,98740
4301552,AUREA,99835
4301602,BAGE,96400
4301636,BALNEARIO PINHAL,95599
4301651,BARAO,95730
4301701,BARAO DE COTEGIPE,99740
4301750,BARAO DO TRIUNFO,96735
4301800,BARRACAO,95370
4301859,BARRA DO GUARITA,98530
4301875,BARRA DO QUARAI,97538
4301909,BARRA DO RIBEIRO,96790
4301925,BARRA DO RIO AZUL,99795
4301958,BARRA FUNDA,99585
4302006,BARROS CASSAL,99360
4302055,BENJAMIN CONSTANT DO SUL,99650
4302105,BENTO GONCALVES,95700
4302154,BOA VISTA DAS MISSOES,98335
4302204,BOA VISTA DO BURICA,98918
4302253,BOA VISTA DO SUL,95727
4302303,BOM JESUS,95290
4302352,BOM PRINCIPIO,95765
4302378,BOM PROGRESSO,98575
4302402,BOM RETIRO DO SUL,95870
4302451,BOQUEIRAO DO LEAO,95920
4302501,BOSSOROCA,97850
4302600,BRAGA,98560
4302659,BROCHIER,95790
4302709,BUTIA,96750
4302808,CACAPAVA DO SUL,96570
4302907,CACEQUI,97450
4303004,CACHOEIRA DO SUL,96500
4303103,CACHOEIRINHA,94900
4303202,CACIQUE DOBLE,99860
4303301,CAIBATE,97930
4303400,CAICARA,98440
4303509,CAMAQUA,96180
4303558,CAMARGO,99165
4303608,CAMBARA DO SUL,95480
4303673,CAMPESTRE DA SERRA,95255
4303707,CAMPINA DAS MISSOES,98975
4303806,CAMPINAS DO SUL,99660
4303905,CAMPO BOM,93700
4304002,CAMPO NOVO,98570
4304101,CAMPOS BORGES,99435
4304200,CANDELARIA,96930
4304309,CANDIDO GODOI,98970
4304358,CANDIOTA,96495
4304408,CANELA,95680
4304507,CANGUCU,96600
4304606,CANOAS,92000
4304630,CAPAO DA CANOA,95555
4304663,CAPAO DO LEAO,96160
4304671,CAPIVARI DO SUL,95552
4304689,CAPELA DE SANTANA,95745
4304697,CAPITAO,95935
4304705,CARAZINHO,99500
4304713,CARAA,95515
4304804,CARLOS BARBOSA,95185
4304853,CARLOS GOMES,99825
4304903,CASCA,99260
4304952,CASEIROS,95315
4305009,CATUIPE,98770
4305108,CAXIAS DO SUL,95000
4305116,CENTENARIO,99838
4305124,CERRITO,96395
4305132,CERRO BRANCO,96535
4305157,CERRO GRANDE,98340
4305173,CERRO GRANDE DO SUL,96770
4305207,CERRO LARGO,97900
4305306,CHAPADA,99530
4305355,CHARQUEADAS,96745
4305371,CHARRUA,99960
4305405,CHIAPETA,98760
4305439,CHUI,96255
4305447,CHUVISCA,96193
4305454,CIDREIRA,95595
4305504,CIRIACO,99970
4305587,COLINAS,95895
4305603,COLORADO,99460
4305702,CONDOR,98290
4305801,CONSTANTINA,99680
4305850,COQUEIROS DO SUL,99528
4305876,CORONEL BARROS,98735
4305900,CORONEL BICACO,98580
4305959,COTIPORA,95335
4305975,COXILHA,99145
4306007,CRISSIUMAL,98640
4306056,CRISTAL,96195
4306072,CRISTAL DO SUL,98368
4306106,CRUZ ALTA,98000
4306205,CRUZEIRO DO SUL,95930
4306304,DAVID CANABARRO,99980
4306320,DERRUBADAS,98528
4306353,DEZESSEIS DE NOVEMBRO,97845
4306379,DILERMANDO DE AGUIAR,97180
4306403,DOIS IRMAOS,93950
4306429,DOIS IRMAOS DAS MISSOES,98385
4306452,DOIS LAJEADOS,99220
4306502,DOM FELICIANO,96190
4306551,DOM PEDRO DE ALCANTARA,95568
4306601,DOM PEDRITO,96450
4306700,DONA FRANCISCA,97280
4306734,DOUTOR MAURICIO CARDOSO,98925
4306759,DOUTOR RICARDO,95967
4306767,ELDORADO DO SUL,92990
4306809,ENCANTADO,95960
4306908,ENCRUZILHADA DO SUL,96610
4306924,ENGENHO VELHO,99698
4306932,ENTRE IJUIS,98855
4306957,ENTRE RIOS DO SUL,99645
4306973,EREBANGO,99920
4307005,ERECHIM,99700
4307054,ERNESTINA,99140
4307104,HERVAL,96310
4307203,ERVAL GRANDE,99750
4307302,ERVAL SECO,98390
4307401,ESMERALDA,95380
4307450,ESPERANCA DO SUL,98635
4307500,ESPUMOSO,99400
4307559,ESTACAO,99930
4307609,ESTANCIA VELHA,93600
4307708,ESTEIO,93250
4307807,ESTRELA,95880
4307815,ESTRELA VELHA,96990
4307831,EUGENIO DE CASTRO,98860
4307864,FAGUNDES VARELA,95333
4307906,FARROUPILHA,95180
4308003,FAXINAL DO SOTURNO,97220
4308052,FAXINALZINHO,99655
4308078,FAZENDA VILANOVA,95875
4308102,FELIZ,95770
4308201,FLORES DA CUNHA,95270
4308250,FLORIANO PEIXOTO,99910
4308300,FONTOURA XAVIER,99370
4308409,FORMIGUEIRO,97210
4308458,FORTALEZA DOS VALOS,98125
4308508,FREDERICO WESTPHALEN,98400
4308607,GARIBALDI,95720
4308656,GARRUCHOS,97690
4308706,GAURAMA,99830
4308805,GENERAL CAMARA,95820
4308854,GENTIL,99160
4308904,GETULIO VARGAS,99900
4309001,GIRUA,98870
4309050,GLORINHA,94380
4309100,GRAMADO,95670
4309126,GRAMADO DOS LOUREIROS,99605
4309159,GRAMADO XAVIER,96875
4309209,GRAVATAI,94000
4309258,GUABIJU,95355
4309308,GUAIBA,92500
4309407,GUAPORE,99200
4309506,GUARANI DAS MISSOES,97950
4309555,HARMONIA,95785
4309571,HERVEIRAS,96888
4309605,HORIZONTINA,98920
4309654,HULHA NEGRA,96460
4309704,HUMAITA,98670
4309753,IBARAMA,96925
4309803,IBIACA,99940
4309902,IBIRAIARAS,95305
4309951,IBIRAPUITA,99320
4310009,IBIRUBA,98200
4310108,IGREJINHA,95650
4310207,IJUI,98700
4310306,ILOPOLIS,95990
4310330,IMBE,95625
4310363,IMIGRANTE,95885
4310405,INDEPENDENCIA,98915
4310413,INHACORA,98765
4310439,IPE,95240
4310462,IPIRANGA DO SUL,99925
4310504,IRAI,98460
4310538,ITAARA,97185
4310553,ITACURUBI,97685
4310579,ITAPUCA,95997
4310603,ITAQUI,97650
4310702,ITATIBA DO SUL,99760
4310751,IVORA,98160
4310801,IVOTI,93900
4310850,JABOTICABA,98350
4310900,JACUTINGA,99730
4311007,JAGUARAO,96300
4311106,JAGUARI,97760
4311122,JAQUIRANA,95420
4311130,JARI,98175
4311155,JOIA,98180
4311205,JULIO DE CASTILHOS,98130
4311254,LAGOAO,99340
4311270,LAGOA DOS TRES CANTOS,99495
4311304,LAGOA VERMELHA,95300
4311403,LAJEADO,95900
4311429,LAJEADO DO BUGRE,98320
4311502,LAVRAS DO SUL,97390
4311601,LIBERATO SALZANO,99690
4311627,LINDOLFO COLLOR,93940
4311643,LINHA NOVA,95768
4311700,MACHADINHO,99880
4311718,MACAMBARA,97645
4311734,MAMPITUBA,95572
4311759,MANOEL VIANA,97640
4311775,MAQUINE,95530
4311791,MARATA,95793
4311809,MARAU,99150
4311908,MARCELINO RAMOS,99800
4311981,MARIANA PIMENTEL,92900
4312005,MARIANO MORO,99790
4312054,MARQUES DE SOUZA,95923
4312104,MATA,97410
4312138,MATO CASTELHANO,99180
4312153,MATO LEITAO,95835
4312203,MAXIMILIANO DE ALMEIDA,99890
4312252,MINAS DO LEAO,96755
4312302,MIRAGUAI,98540
4312351,MONTAURI,99255
4312377,MONTE ALEGRE DOS CAMPOS,95236
4312385,MONTE BELO DO SUL,95718
4312401,MONTENEGRO,95780
4312427,MORMACO,99315
4312443,MORRINHOS DO SUL,95577
4312450,MORRO REDONDO,96150
4312476,MORRO REUTER,93990
4312500,MOSTARDAS,96270
4312609,MUCUM,95970
4312617,MUITOS CAPOES,95230
4312625,MULITERNO,99990
4312658,NAO-ME-TOQUE,99470
4312674,NICOLAU VERGUEIRO,99175
4312708,NONOAI,99600
4312757,NOVA ALVORADA,95985
4312807,NOVA ARACA,95350
4312906,NOVA BASSANO,95340
4312955,NOVA BOA VISTA,99580
4313003,NOVA BRESCIA,95950
4313011,NOVA CANDELARIA,98919
4313037,NOVA ESPERANCA DO SUL,97770
4313060,NOVA HARTZ,93890
4313086,NOVA PADUA,95275
4313102,NOVA PALMA,97250
4313201,NOVA PETROPOLIS,95150
4313300,NOVA PRATA,95320
4313334,NOVA RAMADA,98758
4313359,NOVA ROMA DO SUL,95260
4313375,NOVA SANTA RITA,92480
4313391,NOVO CABRAIS,96545
4313409,NOVO HAMBURGO,93300
4313425,NOVO MACHADO,98955
4313441,NOVO TIRADENTES,98370
4313490,NOVO BARREIRO,98338
4313508,OSORIO,95520
4313607,PAIM FILHO,99850
4313656,PALMARES DO SUL,95540
4313706,PALMEIRA DAS MISSOES,98300
4313805,PALMITINHO,98430
4313904,PANAMBI,98280
4313953,PANTANO GRANDE,96690
4314001,PARAI,95360
4314027,PARAISO DO SUL,96530
4314035,PARECI NOVO,95783
4314050,PAROBE,95630
4314068,PASSA SETE,96908
4314076,PASSO DO SOBRADO,96685
4314100,PASSO FUNDO,99000
4314159,PAVERAMA,95865
4314209,PEDRO OSORIO,96360
4314308,PEJUCARA,98270
4314407,PELOTAS,96000
4314423,PICADA CAFE,95175
4314456,PINHAL,98345
4314472,PINHAL GRANDE,98150
4314498,PINHEIRINHO DO VALE,98435
4314506,PINHEIRO MACHADO,96470
4314555,PIRAPO,97885
4314605,PIRATINI,96490
4314704,PLANALTO,98470
4314753,POCO DAS ANTAS,95740
4314779,PONTAO,99190
4314787,PONTE PRETA,99735
4314803,PORTAO,93180
4314902,PORTO ALEGRE,90000
4315008,PORTO LUCENA,98980
4315057,PORTO MAUA,98947
4315073,PORTO VERA CRUZ,98985
4315107,PORTO XAVIER,98995
4315131,POUSO NOVO,95945
4315149,PRESIDENTE LUCENA,93945
4315156,PROGRESSO,95925
4315172,PROTASIO ALVES,95345
4315206,PUTINGA,95975
4315305,QUARAI,97560
4315321,QUEVEDOS,98140
4315354,QUINZE DE NOVEMBRO,98230
4315404,REDENTORA,98550
4315453,RELVADO,95965
4315503,RESTINGA SECA,97200
4315552,RIO DOS INDIOS,99610
4315602,RIO GRANDE,96200
4315701,RIO PARDO,96640
4315750,RIOZINHO,95695
4315800,ROCA SALES,95735
4315909,RODEIO BONITO,98360
4316006,ROLANTE,95690
4316105,RONDA ALTA,99670
4316204,RONDINHA,99590
4316303,ROQUE GONZALES,97970
4316402,ROSARIO DO SUL,97590
4316428,SAGRADA FAMILIA,98330
4316436,SALDANHA MARINHO,98250
4316451,SALTO DO JACUI,99440
4316477,SALVADOR DAS MISSOES,97940
4316501,SALVADOR DO SUL,95750
4316600,SANANDUVA,99840
4316709,SANTA BARBARA DO SUL,98240
4316758,SANTA CLARA DO SUL,95915
4316808,SANTA CRUZ DO SUL,96800
4316907,SANTA MARIA,97000
4316956,SANTA MARIA DO HERVAL,93995
4317004,SANTANA DA BOA VISTA,96590
4317103,SANTANA DO LIVRAMENTO,97570
4317202,SANTA ROSA,98900
4317251,SANTA TEREZA,95715
4317301,SANTA VITORIA DO PALMAR,96230
4317400,SANTIAGO,97700
4317509,SANTO ANGELO,98800
4317558,SANTO ANTONIO DO PALMA,99265
4317608,SANTO ANTONIO DA PATRULHA,95500
4317707,SANTO ANTONIO DAS MISSOES,97870
4317756,SANTO ANTONIO DO PLANALTO,99525
4317806,SANTO AUGUSTO,98590
4317905,SANTO CRISTO,98960
4317954,SANTO EXPEDITO DO SUL,99895
4318002,SAO BORJA,97670
4318051,SAO DOMINGOS DO SUL,99270
4318101,SAO FRANCISCO DE ASSIS,97610
4318200,SAO FRANCISCO DE PAULA,95400
4318309,SAO GABRIEL,97300
4318408,SAO JERONIMO,96700
4318424,SAO JOAO DA URTIGA,99855
4318432,SAO JOAO DO POLESINE,97230
4318440,SAO JORGE,95365
4318457,SAO JOSE DAS MISSOES,98325
4318465,SAO JOSE DO HERVAL,99380
4318481,SAO JOSE DO HORTENCIO,95755
4318499,SAO JOSE DO INHACORA,98958
4318507,SAO JOSE DO NORTE,96225
4318606,SAO JOSE DO OURO,99870
4318622,SAO JOSE DOS AUSENTES,95280
4318705,SAO LEOPOLDO,93000
4318804,SAO LOURENCO DO SUL,96170
4318903,SAO LUIZ GONZAGA,97800
4319000,SAO MARCOS,95190
4319109,SAO MARTINHO,98690
4319125,SAO MARTINHO DA SERRA,97190
4319158,SAO MIGUEL DAS MISSOES,98865
4319208,SAO NICOLAU,97880
4319307,SAO PAULO DAS MISSOES,97980
4319356,SAO PEDRO DA SERRA,95758
4319372,SAO PEDRO DO BUTIA,97920
4319406,SAO PEDRO DO SUL,97400
4319505,SAO SEBASTIAO DO CAI,95760
4319604,SAO SEPE,97340
4319703,SAO VALENTIM,99640
4319711,SAO VALENTIM DO SUL,99240
4319737,SAO VALERIO DO SUL,98595
4319752,SAO VENDELINO,95795
4319802,SAO VICENTE DO SUL,97420
4319901,SAPIRANGA,93800
4320008,SAPUCAIA DO SUL,93200
4320107,SARANDI,99560
4320206,SEBERI,98380
4320230,SEDE NOVA,98675
4320263,SEGREDO,96910
4320305,SELBACH,99450
4320321,SENADOR SALGADO FILHO,98895
4320354,SENTINELA DO SUL,96765
4320404,SERAFINA CORREA,99250
4320453,SERIO,95918
4320503,SERTAO,99170
4320552,SERTAO SANTANA,92850
4320578,SETE DE SETEMBRO,97960
4320602,SEVERIANO DE ALMEIDA,99810
4320651,SILVEIRA MARTINS,97195
4320677,SINIMBU,96890
4320701,SOBRADINHO,96900
4320800,SOLEDADE,99300
4320859,TABAI,95863
4320909,TAPEJARA,99950
4321006,TAPERA,99490
4321105,TAPES,96760
4321204,TAQUARA,95600
4321303,TAQUARI,95860
4321329,TAQUARUCU DO SUL,98410
4321352,TAVARES,96290
4321402,TENENTE PORTELA,98500
4321436,TERRA DE AREIA,95535
4321451,TEUTONIA,95890
4321477,TIRADENTES DO SUL,98680
4321493,TOROPI,97418
4321501,TORRES,95560
4321600,TRAMANDAI,95590
4321626,TRAVESSEIRO,95948
4321634,TRES ARROIOS,99725
4321667,TRES CACHOEIRAS,95580
4321709,TRES COROAS,95660
4321808,TRES DE MAIO,98910
4321832,TRES FORQUILHAS,95575
4321857,TRES PALMEIRAS,99675
4321907,TRES PASSOS,98600
4321956,TRINDADE DO SUL,99615
4322004,TRIUNFO,95840
4322103,TUCUNDUVA,98930
4322152,TUNAS,99330
4322186,TUPANCI DO SUL,99878
4322202,TUPANCIRETA,98170
4322251,TUPANDI,95775
4322301,TUPARENDI,98940
4322327,TURUCU,96148
4322343,UBIRETAMA,98898
4322350,UNIAO DA SERRA,99215
4322376,UNISTALDA,97755
4322400,URUGUAIANA,97500
4322509,VACARIA,95200
4322525,VALE VERDE,95833
4322533,VALE DO SOL,96878
4322541,VALE REAL,95778
4322558,VANINI,99290
4322608,VENANCIO AIRES,95800
4322707,VERA CRUZ,96880
4322806,VERANOPOLIS,95330
4322855,VESPASIANO CORREA,95972
4322905,VIADUTOS,99820
4323002,VIAMAO,94400
4323101,VICENTE DUTRA,98450
4323200,VICTOR GRAEFF,99350
4323309,VILA FLORES,95334
4323358,VILA LANGARO,99955
4323408,VILA MARIA,99155
4323457,VILA NOVA DO SUL,97385
4323507,VISTA ALEGRE,98415
4323606,VISTA ALEGRE DO PRATA,95325
4323705,VISTA GAUCHA,98535
4323754,VITORIA DAS MISSOES,98850
4323804,XANGRI-LA,95588
